{"name":"d09c2e5a-f5a1-416d-bdde-d71c8754ee69","id":"/providers/Microsoft.Flow/flows/d09c2e5a-f5a1-416d-bdde-d71c8754ee69","type":"Microsoft.Flow/flows","properties":{"apiId":"/providers/Microsoft.PowerApps/apis/shared_logicflows","displayName":"GetTokenFlow","definition":{"metadata":{"workflowEntityId":null,"processAdvisorMetadata":null,"flowChargedByPaygo":null,"flowclientsuspensionreason":"None","flowclientsuspensiontime":null,"flowclientsuspensionreasondetails":null,"creator":{"id":"6a7505ee-000f-489e-a1e4-091685fdb0a8","type":"User","tenantId":"44c24f42-d49b-4192-9336-5f2989b87356"},"provisioningMethod":"FromDefinition","failureAlertSubscription":true,"clientLastModifiedTime":"2025-03-04T02:02:53.9992502Z","connectionKeySavedTimeKey":"2025-03-04T00:26:09.9268865Z","creationSource":null},"$schema":"https://schema.management.azure.com/providers/Microsoft.Logic/schemas/2016-06-01/workflowdefinition.json#","contentVersion":"undefined","parameters":{"$authentication":{"defaultValue":{},"type":"SecureObject"},"$connections":{"defaultValue":{},"type":"Object"}},"triggers":{"manual":{"type":"Request","kind":"PowerAppV2","inputs":{"schema":{"type":"object","properties":{},"required":[]}}}},"actions":{"HTTP":{"runAfter":{},"type":"Http","inputs":{"uri":"https://login.microsoftonline.com/457ce0ae-20f5-41bd-82ce-d386f40f075e/oauth2/v2.0/token","method":"POST","headers":{"Content-Type":"application/x-www-form-urlencoded"},"body":"grant_type=client_credentials\n&client_id=181029be-fbc3-46c4-aecf-3597e7fb7675\n&client_secret=K208Q~8zgRluAA8gLcFDE.zfeDb9TKnDahxvVbDZ\n&scope=https://graph.microsoft.com/.default"},"runtimeConfiguration":{"contentTransfer":{"transferMode":"Chunked"}}},"Respond_to_a_Power_App_or_flow":{"runAfter":{"HTTP":["Succeeded"]},"type":"Response","kind":"PowerApp","inputs":{"schema":{"type":"object","properties":{"token":{"title":"Token","type":"string","x-ms-content-hint":"TEXT","x-ms-dynamically-added":true}},"additionalProperties":{}},"statusCode":200,"body":{"token":"@{body('HTTP')['access_token']}"}}}}},"connectionReferences":{},"flowFailureAlertSubscribed":false,"isManaged":false}}