{"name":"b1b10b4a-86ba-46eb-a89d-1611e1086168","id":"/providers/Microsoft.Flow/flows/b1b10b4a-86ba-46eb-a89d-1611e1086168","type":"Microsoft.Flow/flows","properties":{"apiId":"/providers/Microsoft.PowerApps/apis/shared_logicflows","displayName":"GenerateSHA256","definition":{"metadata":{"workflowEntityId":null,"processAdvisorMetadata":null,"flowChargedByPaygo":null,"flowclientsuspensionreason":"None","flowclientsuspensiontime":null,"flowclientsuspensionreasondetails":null,"creator":{"id":"6a7505ee-000f-489e-a1e4-091685fdb0a8","type":"User","tenantId":"44c24f42-d49b-4192-9336-5f2989b87356"},"provisioningMethod":"FromDefinition","failureAlertSubscription":true,"clientLastModifiedTime":"2025-03-05T06:13:07.6328486Z","connectionKeySavedTimeKey":"2025-03-05T06:13:07.6328486Z","creationSource":null,"modifiedSources":"Portal"},"$schema":"https://schema.management.azure.com/providers/Microsoft.Logic/schemas/2016-06-01/workflowdefinition.json#","contentVersion":"undefined","parameters":{"$authentication":{"defaultValue":{},"type":"SecureObject"},"$connections":{"defaultValue":{},"type":"Object"}},"triggers":{"manual":{"type":"Request","kind":"PowerAppV2","inputs":{"schema":{"type":"object","properties":{"text":{"description":"请输入你的输入","title":"Input","type":"string","x-ms-content-hint":"TEXT","x-ms-dynamically-added":true}},"required":["text"]}}}},"actions":{"Get_SHA256":{"runAfter":{},"type":"OpenApiConnection","inputs":{"parameters":{"value":"35FEBEA52A07816B0949505E46E6C8CB2B9D3896A625286BFA4CB04202452157","digestFormat":"base64"},"host":{"apiId":"/providers/Microsoft.PowerApps/apis/shared_hashifyip","connectionName":"shared_hashifyip","operationId":"SHA256GET"},"authentication":{"value":"@json(decodeBase64(triggerOutputs().headers['X-MS-APIM-Tokens']))['$ConnectionKey']","type":"Raw"}}},"Respond_to_a_Power_App_or_flow":{"runAfter":{"Get_SHA256":["Succeeded"]},"type":"Response","kind":"PowerApp","inputs":{"schema":{"type":"object","properties":{"output":{"title":"output","type":"string","x-ms-content-hint":"TEXT","x-ms-dynamically-added":true}},"additionalProperties":{}},"statusCode":200,"body":{"output":"@{outputs('Get_SHA256')?['body/Digest']}"}}}}},"connectionReferences":{"shared_hashifyip":{"connectionName":"1f4c3ebdfc2d409885aa70078870aadb","source":"Invoker","id":"/providers/Microsoft.PowerApps/apis/shared_hashifyip","tier":"NotSpecified","apiName":"hashifyip"}},"flowFailureAlertSubscribed":false,"isManaged":false}}