{"schemaVersion":"1.0","appDefinitionTemplate":{"id":"/providers/Microsoft.PowerApps/apps/","type":"Microsoft.PowerApps/apps","tags":{"primaryDeviceWidth":"1366","primaryDeviceHeight":"768","supportsPortrait":"true","supportsLandscape":"true","primaryFormFactor":"Tablet","showStatusBar":"false","publisherVersion":"3.25023.6","minimumRequiredApiVersion":"2.2.0","hasComponent":"true","hasUnlockedComponent":"false","isUnifiedRootApp":"false","sienaVersion":"20250305T080009Z-3.25023.6.0"},"properties":{"appVersion":"2025-03-05T08:00:09Z","lifeCycleId":"Published","createdByClientVersion":{"major":3,"minor":25023,"build":6,"revision":0,"majorRevision":0,"minorRevision":0},"minClientVersion":{"major":3,"minor":25023,"build":6,"revision":0,"majorRevision":0,"minorRevision":0},"backgroundColor":"RGBA(0,176,240,1)","backgroundImageUri":"/7615235697873069838/N9711bf96-c183-4677-82b2-a27ebdc5a246-logoSmallFile","displayName":"PDAUI","description":"Experience seamless integration with our TestWebApi app. This app empowers users to efficiently manage and automate workflows by leveraging API interactions.","commitMessage":"","appUris":{"documentUri":{"value":"/7615235697873069838/N5deeefcf-acb4-4947-ad8f-93394dff50dc-document.msapp"},"imageUris":[],"additionalUris":[{"isSolutionAware":false,"value":"/7615235697873069838/N1ddb8ca6-d0c8-4e1e-a6fb-2407da49235b-identity.json"}]},"createdTime":"0001-01-01T00:00:00Z","lastModifiedTime":"0001-01-01T00:00:00Z","sharedGroupsCount":0,"sharedUsersCount":0,"connectionReferences":{"f75aab92-bb42-4438-bc5b-d8402769f985":{"id":"b25475a1-708f-4637-b287-e49382da1f98","displayName":"逻辑流","iconUri":"https://connectoricons-prod.azureedge.net/releases/v1.0.1725/1.0.1725.4004/logicflows/icon.png","dataSources":["GetTokenFlow"],"dependencies":[],"dependents":[],"parameterHints":{"workflowName":{"value":"92866356-4d4e-4c12-875d-dcbf44bd23a1"},"workflowEntityId":{"value":"cd792179-24f8-ef11-bae2-00224815bf6d"},"workflowDisplayName":{"value":"GetTokenFlow"}},"parameterHintsV2":{"workflowName":{"value":"92866356-4d4e-4c12-875d-dcbf44bd23a1"},"workflowEntityId":{"value":"cd792179-24f8-ef11-bae2-00224815bf6d"},"workflowDisplayName":{"value":"GetTokenFlow"}},"isOnPremiseConnection":false,"bypassConsent":false,"dataSets":{},"apiTier":"Standard","isCustomApiConnection":false,"actions":["Run"],"nestedActions":[]},"8a717531-b7f3-4cf5-bb16-97e752223710":{"id":"b25475a1-708f-4637-b287-e49382da1f98","displayName":"逻辑流","iconUri":"https://connectoricons-prod.azureedge.net/releases/v1.0.1725/1.0.1725.4004/logicflows/icon.png","dataSources":["GenerateSHA256"],"dependencies":["c96ae405-d2fc-4c30-8855-f6919b80580e"],"dependents":[],"parameterHints":{"workflowName":{"value":"465e7bc6-ce89-42eb-9a75-1ec8bc371df3"},"workflowEntityId":{},"workflowDisplayName":{"value":"GenerateSHA256"},"c96ae405-d2fc-4c30-8855-f6919b80580e":{"value":"shared_hashifyip"}},"parameterHintsV2":{"workflowName":{"value":"465e7bc6-ce89-42eb-9a75-1ec8bc371df3"},"workflowEntityId":{},"workflowDisplayName":{"value":"GenerateSHA256"},"shared_hashifyip":{"value":"c96ae405-d2fc-4c30-8855-f6919b80580e"}},"isOnPremiseConnection":false,"bypassConsent":false,"dataSets":{},"apiTier":"Standard","isCustomApiConnection":false,"actions":["Run"],"nestedActions":[{"id":"/providers/Microsoft.PowerApps/apis/shared_hashifyip/apiOperations/SHA256GET","flowConnectionRef":"shared_hashifyip","apiName":"Hashify (独立发布者)","actionName":"SHA256GET","referencedResources":[]}]},"422a0834-cf06-4cff-be0d-21db7c6be316":{"id":"b25475a1-708f-4637-b287-e49382da1f98","displayName":"逻辑流","iconUri":"https://connectoricons-prod.azureedge.net/releases/v1.0.1725/1.0.1725.4004/logicflows/icon.png","dataSources":["FDA_Approval_FlowV1"],"dependencies":["ce08ce7f-a926-455b-8e0f-4d91e825fd4e","3f5ecc39-c6e1-4713-a963-f146e962943b","3f5ecc39-c6e1-4713-a963-f146e962943b","8a3ada00-4139-4cf0-8a0d-9860139ca787"],"dependents":[],"parameterHints":{"workflowName":{"value":"44c4c329-b3af-4a98-bddd-a4719d6058dd"},"workflowEntityId":{},"workflowDisplayName":{"value":"FDA_Approval_FlowV1"},"ce08ce7f-a926-455b-8e0f-4d91e825fd4e":{"value":"shared_office365users"},"3f5ecc39-c6e1-4713-a963-f146e962943b":{"value":"shared_sharepointonline"},"8a3ada00-4139-4cf0-8a0d-9860139ca787":{"value":"shared_approvals"}},"parameterHintsV2":{"workflowName":{"value":"44c4c329-b3af-4a98-bddd-a4719d6058dd"},"workflowEntityId":{},"workflowDisplayName":{"value":"FDA_Approval_FlowV1"},"shared_office365users":{"value":"ce08ce7f-a926-455b-8e0f-4d91e825fd4e"},"shared_sharepointonline-1":{"value":"3f5ecc39-c6e1-4713-a963-f146e962943b"},"shared_sharepointonline":{"value":"3f5ecc39-c6e1-4713-a963-f146e962943b"},"shared_approvals":{"value":"8a3ada00-4139-4cf0-8a0d-9860139ca787"}},"isOnPremiseConnection":false,"bypassConsent":false,"dataSets":{},"apiTier":"Standard","isCustomApiConnection":false,"actions":["Run"],"nestedActions":[{"id":"/providers/Microsoft.PowerApps/apis/shared_office365users/apiOperations/UserProfile_V2","flowConnectionRef":"shared_office365users","apiName":"Office 365 用户","actionName":"UserProfile_V2","referencedResources":[]},{"id":"/providers/Microsoft.PowerApps/apis/shared_sharepointonline/apiOperations/PostItem","flowConnectionRef":"shared_sharepointonline-1","apiName":"SharePoint","actionName":"PostItem","referencedResources":[{"key":"site","value":"https://serviceme.sharepoint.com/sites/Simens"},{"key":"list","value":"02702118-4191-4599-9535-f5c4acf5f73d"}]},{"id":"/providers/Microsoft.PowerApps/apis/shared_sharepointonline/apiOperations/CreateAttachment","flowConnectionRef":"shared_sharepointonline","apiName":"SharePoint","actionName":"CreateAttachment","referencedResources":[{"key":"site","value":"https://serviceme.sharepoint.com/sites/Simens"},{"key":"list","value":"02702118-4191-4599-9535-f5c4acf5f73d"}]}]},"c96ae405-d2fc-4c30-8855-f6919b80580e":{"id":"6982bbdf-8503-4cfc-bfd6-5ca9c326d269","displayName":"Hashify (独立发布者)","iconUri":"https://connectoricons-prod.azureedge.net/u/shgogna/version-mismatches-special-train/1.0.1670.3520/hashifyip/icon.png","dataSources":[],"dependencies":[],"dependents":["8a717531-b7f3-4cf5-bb16-97e752223710"],"parameterHints":{},"parameterHintsV2":{},"isOnPremiseConnection":false,"bypassConsent":false,"dataSets":{},"apiTier":"Premium","isCustomApiConnection":false},"3f5ecc39-c6e1-4713-a963-f146e962943b":{"id":"71f401bf-40b1-4f68-9f41-af415ac3c20a","displayName":"SharePoint","iconUri":"https://conn-afd-prod-endpoint-bmc9bqahasf3grgk.b01.azurefd.net/releases/v1.0.1732/1.0.1732.4070/sharepointonline/icon.png","dataSources":["ApprovalRecord"],"dependencies":[],"dependents":["422a0834-cf06-4cff-be0d-21db7c6be316"],"parameterHints":{},"parameterHintsV2":{},"isOnPremiseConnection":false,"bypassConsent":false,"dataSets":{"https://serviceme.sharepoint.com/sites/Simens":{"dataSources":{"ApprovalRecord":{"tableName":"02702118-4191-4599-9535-f5c4acf5f73d"}}}},"apiTier":"Standard","isCustomApiConnection":false,"actions":["providers/PowerPlatform.Governance/Operations/Read","providers/PowerPlatform.Governance/Operations/Write"]},"ce08ce7f-a926-455b-8e0f-4d91e825fd4e":{"id":"9f4bf1c0-c096-45e3-85f6-fe32fb0c052d","displayName":"Office 365 用户","iconUri":"https://conn-afd-prod-endpoint-bmc9bqahasf3grgk.b01.azurefd.net/releases/v1.0.1735/1.0.1735.4103/office365users/icon.png","dataSources":[],"dependencies":[],"dependents":["422a0834-cf06-4cff-be0d-21db7c6be316"],"parameterHints":{},"parameterHintsV2":{},"isOnPremiseConnection":false,"bypassConsent":false,"dataSets":{},"apiTier":"Standard","isCustomApiConnection":false},"8a3ada00-4139-4cf0-8a0d-9860139ca787":{"id":"ccd55d96-7add-4216-abb4-91d15ef9ea92","displayName":"审批","iconUri":"https://conn-afd-prod-endpoint-bmc9bqahasf3grgk.b01.azurefd.net/releases/v1.0.1732/1.0.1732.4069/approvals/icon.png","dataSources":[],"dependencies":[],"dependents":["422a0834-cf06-4cff-be0d-21db7c6be316"],"parameterHints":{},"parameterHintsV2":{},"isOnPremiseConnection":false,"bypassConsent":false,"dataSets":{},"apiTier":"Standard","isCustomApiConnection":false}},"databaseReferences":{},"almMode":"Environment","performanceOptimizationEnabled":true,"canConsumeAppPass":false,"enableModernRuntimeMode":false,"executionRestrictions":{"isTeamsOnly":false,"dataLossPreventionEvaluationResult":{"status":"Compliant","lastEvaluationDate":"2025-03-05T08:00:13.0327566Z","violations":[],"violationsByPolicy":[],"violationErrorMessage":"应用使用以下连接器: shared_logicflows, shared_hashifyip, shared_sharepointonline, shared_office365users, shared_approvals。"},"httpActionRestriction":{"appUsesSharepointHttpAction":false,"enforcementStrategy":"Legacy","evaluationTime":"2025-03-05T08:00:13.032671Z"}}},"isAppComponentLibrary":false,"appType":"ClassicCanvasApp","appComponents":[]}}