{"name":"297a14e9-6712-48c9-b861-ca5377424a37","id":"/providers/Microsoft.Flow/flows/297a14e9-6712-48c9-b861-ca5377424a37","type":"Microsoft.Flow/flows","properties":{"apiId":"/providers/Microsoft.PowerApps/apis/shared_logicflows","displayName":"FDA_Approval_FlowV1","definition":{"metadata":{"workflowEntityId":null,"processAdvisorMetadata":null,"flowChargedByPaygo":null,"flowclientsuspensionreason":"None","flowclientsuspensiontime":null,"flowclientsuspensionreasondetails":null,"creator":{"id":"6a7505ee-000f-489e-a1e4-091685fdb0a8","type":"User","tenantId":"44c24f42-d49b-4192-9336-5f2989b87356"},"provisioningMethod":"FromDefinition","failureAlertSubscription":true,"clientLastModifiedTime":"2025-03-05T07:45:10.4425265Z","connectionKeySavedTimeKey":"2025-03-05T07:45:10.4425265Z","creationSource":null,"modifiedSources":"Portal"},"$schema":"https://schema.management.azure.com/providers/Microsoft.Logic/schemas/2016-06-01/workflowdefinition.json#","contentVersion":"1.0.0.0","parameters":{"$authentication":{"defaultValue":{},"type":"SecureObject"},"$connections":{"defaultValue":{},"type":"Object"}},"triggers":{"manual":{"metadata":{"operationMetadataId":"dfbaf0a7-fcf5-4fd9-94a8-41d1283a1d69"},"type":"Request","kind":"PowerAppV2","inputs":{"schema":{"type":"object","properties":{"text":{"description":"请输入你的输入","title":"Document","type":"string","x-ms-content-hint":"TEXT","x-ms-dynamically-added":true},"text_1":{"description":"请输入你的输入","title":"Metadata","type":"string","x-ms-content-hint":"TEXT","x-ms-dynamically-added":true},"text_2":{"description":"请输入你的输入","title":"AuthToken","type":"string","x-ms-content-hint":"TEXT","x-ms-dynamically-added":true}},"required":["text","text_1","text_2"]}}}},"actions":{"Pharse_JSON":{"runAfter":{},"metadata":{"operationMetadataId":"b94b29bc-69dc-42ac-8ad9-f70094141a97"},"type":"ParseJson","inputs":{"content":"@triggerBody()?['text_1']","schema":{"type":"object","properties":{"Submitter":{"type":"string"},"DocumentName":{"type":"string"},"Reason":{"type":"string"},"SignatureHash":{"type":"string"},"SHA256":{"type":"string"},"TimeStamp":{"type":"string"},"Attachment":{"type":"string"}}}}},"Get_user_profile_(V2)":{"runAfter":{"Pharse_JSON":["Succeeded"]},"type":"OpenApiConnection","inputs":{"parameters":{"id":"@body('Pharse_JSON')?['Submitter']"},"host":{"apiId":"/providers/Microsoft.PowerApps/apis/shared_office365users","connectionName":"shared_office365users","operationId":"UserProfile_V2"},"authentication":{"value":"@json(decodeBase64(triggerOutputs().headers['X-MS-APIM-Tokens']))['$ConnectionKey']","type":"Raw"}}},"Condition":{"actions":{"Create_item":{"type":"OpenApiConnection","inputs":{"parameters":{"dataset":"https://serviceme.sharepoint.com/sites/Simens","table":"02702118-4191-4599-9535-f5c4acf5f73d","item/DocumentName":"@body('Pharse_JSON')?['DocumentName']","item/Submitter/Claims":"@body('Pharse_JSON')?['Submitter']","item/Status/Value":"Pending","item/TimeStamp":"@body('Pharse_JSON')?['TimeStamp']","item/SHA_x002d_256":"@body('Pharse_JSON')?['SHA256']","item/SignatureBase64":"@body('Pharse_JSON')?['SignatureHash']","item/{ContentType}/Id":"0x01000E08B5F1AEB7254DB7364302A089726200470A040D30FD164E8DD08CDFF7E5055E"},"host":{"apiId":"/providers/Microsoft.PowerApps/apis/shared_sharepointonline","connectionName":"shared_sharepointonline-1","operationId":"PostItem"},"authentication":{"value":"@json(decodeBase64(triggerOutputs().headers['X-MS-APIM-Tokens']))['$ConnectionKey']","type":"Raw"}}},"响应_Power_App_或流":{"runAfter":{"Add_attachment":["Succeeded"]},"type":"Response","kind":"PowerApp","inputs":{"schema":{"type":"object","properties":{"statuscode":{"title":"statuscode","type":"string","x-ms-content-hint":"TEXT","x-ms-dynamically-added":true},"reasonphrase":{"title":"ReasonPhrase","type":"string","x-ms-content-hint":"TEXT","x-ms-dynamically-added":true}},"additionalProperties":{}},"statusCode":200,"body":{"statuscode":"success","reasonphrase":"@{outputs('Create_item')?['body/ID']}"}}},"Add_attachment":{"runAfter":{"Create_item":["Succeeded"]},"type":"OpenApiConnection","inputs":{"parameters":{"dataset":"https://serviceme.sharepoint.com/sites/Simens","table":"02702118-4191-4599-9535-f5c4acf5f73d","itemId":"@outputs('Create_item')?['body/ID']","displayName":"@outputs('Create_item')?['body/DocumentName']","body":"@body('Pharse_JSON')?['Attachment']"},"host":{"apiId":"/providers/Microsoft.PowerApps/apis/shared_sharepointonline","connectionName":"shared_sharepointonline","operationId":"CreateAttachment"},"authentication":{"value":"@json(decodeBase64(triggerOutputs().headers['X-MS-APIM-Tokens']))['$ConnectionKey']","type":"Raw"}}}},"runAfter":{"Get_user_profile_(V2)":["Succeeded"]},"else":{"actions":{"Respond_to_a_Power_App_or_flow":{"type":"Response","kind":"PowerApp","inputs":{"schema":{"type":"object","properties":{"statuscode":{"title":"statuscode","type":"string","x-ms-content-hint":"TEXT","x-ms-dynamically-added":true},"reasonphrase":{"title":"ReasonPhrase","type":"string","x-ms-content-hint":"TEXT","x-ms-dynamically-added":true}},"additionalProperties":{}},"statusCode":200,"body":{"statuscode":"\"400\"","reasonphrase":"User not exist!!!!!"}}}}},"expression":{"and":[{"greater":["@outputs('Get_user_profile_(V2)')?['body/userPrincipalName']","0"]}]},"type":"If"}}},"connectionReferences":{"shared_office365users":{"connectionName":"shared-office365user-7ce2cf04-4f53-4469-9f89-2c9f47229aeb","source":"Invoker","id":"/providers/Microsoft.PowerApps/apis/shared_office365users","tier":"NotSpecified","apiName":"office365users"},"shared_sharepointonline-1":{"connectionName":"shared-sharepointonl-86d2d4ef-5d7f-4c20-9fbb-b2beed342c51","source":"Invoker","id":"/providers/Microsoft.PowerApps/apis/shared_sharepointonline","tier":"NotSpecified","apiName":"sharepointonline"},"shared_sharepointonline":{"connectionName":"shared-sharepointonl-297fe772-3988-480f-bafa-c0091a731de6","source":"Invoker","id":"/providers/Microsoft.PowerApps/apis/shared_sharepointonline","tier":"NotSpecified","apiName":"sharepointonline"}},"flowFailureAlertSubscribed":false,"isManaged":false}}